id,key,slug,title,category,ingredients,ingredient_count,ingredient_tags,calories,protein_g,carbs_g,fat_g,servings,duration,duration_minutes,image_url,image_source,source_url
1,recipe1,ezogelin-corbasi-yapilisi-videolu,Ezogelin Çorbası Yapılışı (Videolu),Çorba Tarifleri,1 su bardağı kırmızı mercimek | 1 tatlı kaşığı pirinç | 1 tatlı kaşığı bulgur | 2 çay kaşığı pul biber | 1 yemek kaşığı nane | 2 diş sarımsak | 1 orta boy soğan | 1 yemek kaşığı biber salçası | 1 yemek kaşığı tereyağı | 2 litreye yakın sıcak su | Tuz,11,"mercimek, pirinç, bulgur, pul biber, nane, sarımsak, soğan, biber salçası, tereyağı, su, tuz",116,6.3,18.3,2.1,6-8 kişilik,15 dakika,15,https://i.nefisyemektarifleri.com/2013/06/ezogelin-corbasi-yapilisi-fotografi.jpg,scraped,https://www.nefisyemektarifleri.com/ezogelin-corbasi-yapilisi/
2,recipe2,tavuklu-sultan-kebabi-tarifi,Tavuklu Sultan Kebabı Tarifi,Et Yemekleri,"2 adet yufka | 400g tavuk göğsü | 400g tavuk pirzola | 1 adet kuru soğan | 1 yemek kaşığı domates salçası (Birazını ketçap kullanabilirsiniz) | 1 su bardağı haşlanmış ya da konserve bezelye | 1 adet patlıcan | Pul biber | Kekik | Karabiber | Tuz | 1,5 yemek kaşığı un | 1,5 su bardağı süt | 2 yemek kaşığı tereyağı | Tuz | Kaşar peyniri rendesi",16,"yufka, tavuk, soğan, domates salçası, bezelye, patlıcan, pul biber, kekik, karabiber, tuz, un, süt, tereyağı, kaşar peyniri",423,40.1,30.8,14.6,6-8 kişilik,1 saat 10 dakika,70,https://i.nefisyemektarifleri.com/2013/07/tavuklu-sultan-kebabi-tarifi-fotografi.jpg,scraped,https://www.nefisyemektarifleri.com/tavuklu-sultan-kebabi-tarifi/
3,recipe3,parmak-yediren-firinda-kabak-mucveri-borek-tadinda-videolu,Parmak Yediren Fırında Kabak Mücveri (Börek Tadında) (videolu),Sebze Yemekleri,4 adet yumurta | 3 adet kabak | 3 adet patates | 1 büyük çay bardağı sıvı yağ | Yarım demet dereotu | Yarım demet maydanoz | 4-5 dal taze soğan | 1 tatlı kaşığı pul biber | Yarım paket kabartma tozu | 1 tatlı kaşığı tuz | 1 su bardağı un,11,"yumurta, kabak, patates, sıvı yağ, dereotu, maydanoz, yeşil soğan, pul biber, kabartma tozu, tuz, un",294,8.4,28.3,16.7,6-8 kişilik,1 saat 20 dakika,80,https://i.nefisyemektarifleri.com/2022/05/23/parmak-yediren-firinda-kabak-mucveri-borek-tadinda-7.jpg,scraped,https://www.nefisyemektarifleri.com/parmak-yediren-firinda-kabak-mucveri-borek-tadinda/
4,recipe4,firinda-makarna-besamel-soslu,Fırında Makarna Beşamel Soslu,Makarna Tarifleri,1 paket fırın makarna | 1 tatlı kaşığı tuz | Su | 1 çay bardağı sıvı yağ (ya da 2 yemek kaşığı tereyağı) | 2 yemek kaşığı un (tepeleme) | 4 su bardağı süt (200 ml bardak ile) | Yarım silme yemek kaşığı tuz | Rendelenmiş kaşar peyniri | 6-7 parça Tereyağı (yoksa margarin de olabilir),9,"makarna, tuz, su, sıvı yağ, un, süt, kaşar peyniri, tereyağı",774,21.2,85.6,38.6,4-6 kişilik,45 dakika,45,https://i.nefisyemektarifleri.com/2025/02/27/firinda-makarna-besamel-soslu-1.jpg,scraped,https://www.nefisyemektarifleri.com/firinda-makarna-besamel-soslu/
5,recipe5,meyhane-pilavi-domatesli-bulgur-pilavi-videolu,Meyhane Pilavı (Domatesli Bulgur Pilavı – Videolu),Pilav Tarifleri,2 su bardağı pilavlık bulgur | 1/3 çay bardağı sıvı yağ (4 yemek kaşığı) | 3 su bardağı sıcak su | 1 adet orta boy kuru soğan | 2 adet sivri biber | 1 adet kırmızı biber | 1 adet orta boy domates ya da 8 adet çeri domates | 1 yemek kaşığı salça | Tuz | Karabiber | Pul biber | Kimyon,12,"bulgur, sıvı yağ, su, soğan, biber, domates, domates salçası, tuz, karabiber, pul biber, kimyon",309,9.0,56.7,7.2,4-6 kişilik,30 dakika,30,https://i.nefisyemektarifleri.com/2015/03/30/meyhane-pilavi-domatesli-bulgur-pilavi.jpg,scraped,https://www.nefisyemektarifleri.com/meyhane-pilavi-domatesli-bulgur-pilavi/
6,recipe6,fellah-koftesi-tarifi,Fellah Köftesi Tarifi,Bakliyat Yemekleri,2 su bardağı ince bulgur | 2 su bardağı sıcak su | 1 yumurta | 2 su bardağı un | 1 yemek kaşığı salça | 1 tatlı kaşığı kimyon | Karabiber | Tuz | 3 yemek kaşığı sıvı yağ | 5 adet domates rendesi (yazdan hazırladığımız konserve domates rendesi de olabilir) | 1 yemek kaşığı biber salçası | 3 diş sarımsak | Maydanoz | Tuz,14,"bulgur, su, yumurta, un, domates salçası, kimyon, karabiber, tuz, sıvı yağ, domates, biber salçası, sarımsak, maydanoz",367,11.1,65.9,7.8,6-8 kişilik,35 dakika,35,https://i.nefisyemektarifleri.com/2015/03/21/fellah-koftesi.jpg,scraped,https://www.nefisyemektarifleri.com/fellah-koftesi-tarifi-524700/
7,recipe7,haydari-mezesi-videolu,Haydari Mezesi (videolu),"Salata, Meze, Kanepe",6 yemek kaşığı süzme yoğurt | 1 tutam dereotu | 1 yemek kaşığı tereyağı | 1 tatlı kaşığı nane | 1 çay kaşığı tuz | 1 dilim beyaz peynir | 1 diş sarımsak,7,"yoğurt, dereotu, tereyağı, nane, tuz, beyaz peynir, sarımsak",78,2.7,2.2,6.6,2-4 kişilik,10 dakika,10,https://i.nefisyemektarifleri.com/2020/02/11/haydari-mezesi-4.jpg,scraped,https://www.nefisyemektarifleri.com/haydari-mezesi/
8,recipe8,kahvaltilik-krep-tarifi,Kahvaltılık Krep Tarifi,Hamur İşi Tarifleri,2 adet yumurta | 2 su bardağından biraz az un | 2 su bardağı süt (dilerseniz yarı yarıya süt ve su karışık kullanılabilir) | 1 çay kaşığı tuz | pişirmek için tereyağı veya sıvı yağ,5,"yumurta, un, süt, tuz, tereyağı",439,16.4,62.6,12.8,2-4 kişilik,30 dakika,30,https://i.nefisyemektarifleri.com/2009/10/krep-tarifi-fotografi-1.jpg,scraped,https://www.nefisyemektarifleri.com/kahvaltilik-krep-tarifi/
9,recipe9,etimek-tatlisi-tarifi-videolu,Etimek Tatlısı Tarifi (videolu),Tatlı Tarifleri,"14 adet tuzsuz etimek | 1,5 su bardağı şeker | 2 su bardağı su | 1 litre süt | 6 yemek kaşığı şeker | 1 paket vanilya | 1 yemek kaşığı tereyağı | 6 yemek kaşığı un | 2 yemek kaşığı mısır nişastası | 1 paket krem şanti | 1 su bardağı süt (200ml) | Ceviz ya da Antep fıstığı",12,"ekmek, toz şeker, su, süt, vanilin, tereyağı, un, nişasta, krema, ceviz",603,14.1,96.1,18.3,8-10 kişilik,45 dakika,45,https://i.nefisyemektarifleri.com/2018/09/11/etimek-tatlisi-tarifi-10.jpg,scraped,https://www.nefisyemektarifleri.com/etimek-tatlisi-tarifi/
10,recipe10,eristeli-yesil-mercimek-corbasi-videolu,Erişteli Yeşil Mercimek Çorbası (Videolu),Çorba Tarifleri,1 su bardağı yeşil mercimek | 1 su bardağı erişte | 1 adet kuru soğan | 1 yemek kaşığı salça | 8 su bardağı et suyu (yoksa bulyon da kullanılabilir) | Tuz | Pul biber | Nane | Karabiber | Yarım çay bardağı sıvı yağ,10,"mercimek, makarna, soğan, domates salçası, et suyu, tuz, pul biber, nane, karabiber, sıvı yağ",233,12.3,27.3,8.3,6-8 kişilik,35 dakika,35,https://i.nefisyemektarifleri.com/2018/11/16/eristeli-yesil-mercimek-corbasi-7.jpg,scraped,https://www.nefisyemektarifleri.com/eristeli-yesil-mercimek-corbasi/
11,recipe11,pureli-tepsi-kebabi,Püreli Tepsi Kebabı,Et Yemekleri,"600 gr kıyma | 1 adet kuru soğan | 1 avuç maydanoz | 1 adet yumurta | 2-3 diş sarımsak | 2,5 yemek kaşığı galeta unu | 1 tatlı kaşığı tuz | 1 çay kaşığı pul biber | Yarım çay kaşığı karabiber | 5-6 adet patates | 1,5 su bardağı süt (300 ml) | 2 yemek kaşığı tereyağı | 1 su bardağı rendelenmiş kaşar peyniri | 1 tatlı kaşığı tuz | 1 yemek kaşığı domates salçası | 1 su bardağı sıcak su (200 ml) | Domates | Yeşil biber",18,"kıyma, soğan, maydanoz, yumurta, sarımsak, galeta unu, tuz, pul biber, karabiber, patates, süt, tereyağı, kaşar peyniri, domates salçası, su, domates, biber",455,23.9,30.4,26.5,6-8 kişilik,1 saat 30 dakika,90,https://i.nefisyemektarifleri.com/2023/03/29/pureli-tepsi-kebabi-14.jpg,scraped,https://www.nefisyemektarifleri.com/pureli-tepsi-kebabi/
12,recipe12,ispanak-yemegi-tarifi,Ispanak Yemeği Tarifi,Sebze Yemekleri,1 kg ıspanak | 1 adet kuru soğan | Yarım çay bardağı pirinç | 2 yemek kaşığı sıvı yağ | 1 yemek kaşığı domates salçası | Tuz | Karabiber | Pul biber,8,"ıspanak, soğan, pirinç, sıvı yağ, domates salçası, tuz, karabiber, pul biber",231,11.4,28.3,10.7,2-4 kişilik,35 dakika,35,https://i.nefisyemektarifleri.com/2010/11/ispanakyemegi1.jpg,scraped,https://www.nefisyemektarifleri.com/ispanak-yemegi-tarifi/
13,recipe13,kendi-sosunda-pisen-kremali-domatesli-makarna,Kendi Sosunda Pişen Kremalı Domatesli Makarna,Makarna Tarifleri,"250 gram makarna | 2 domates | Yarım yemek kaşığı domates salçası | 1 yemek kaşığı tatlı biber salçası | 1 yemek kaşığı zeytinyağı | 100 ml sıvı krema | 1 tatlı kaşığı tereyağı | 1 tatlı kaşığı tuz | 1 çay kaşığı karabiber ve pul biber | 1 diş sarımsak | 2, 5 su bardağı su (200 ml bardak ölçüsü ile) | İsteğe göre kurumuş maydanoz",12,"makarna, domates, domates salçası, biber salçası, zeytinyağı, krema, tereyağı, tuz, pul biber, karabiber, sarımsak, su, maydanoz",504,12.7,68.9,19.9,2-4 kişilik,15 dakika,15,https://i.nefisyemektarifleri.com/2020/04/17/kendi-sosunda-pisen-kremali-domatesli-makarna-1.jpg,scraped,https://www.nefisyemektarifleri.com/kendi-sosunda-pisen-kremali-domatesli-makarna/
14,recipe14,maklube-tarifi-videolu,Maklube Tarifi (videolu),Pilav Tarifleri,500 gram kuşbaşı doğranmış et | 1 su bardağı sıcak su | 4 yemek kaşığı sıvı yağ | 2 su bardağı pirinç | 2 adet patates | 1 yemek kaşığı tereyağı | Tuz | Havuç | Mor lahana | Marul | Domates | Salatalık | Yoğurt,13,"dana eti, su, sıvı yağ, pirinç, patates, tereyağı, tuz, havuç, lahana, marul, domates, salatalık, yoğurt",466,24.0,51.2,17.6,6-8 kişilik,50 dakika,50,https://i.nefisyemektarifleri.com/2019/11/25/maklube-tarifi-10.jpg,scraped,https://www.nefisyemektarifleri.com/maklube-tarifi/
15,recipe15,icli-kofte-tarifi,İçli Köfte Tarifi,Bakliyat Yemekleri,1.5 su bardağı ince köftelik bulgur | 1 çay bardağı irmik | 1 tatlı kaşığı toz kırmızı biber | 1 tatlı kaşığı biber salçası | 1 su bardağından biraz az un | 1 çay kaşığı tuz | 1 su bardağı soğuk su | 2 yemek kaşığı sıvı yağ | 300 gr kıyma | 3 orta boy soğan | Yarım tatlı kaşığı salça | Yarım demek maydanoz | 1 küçük çay bardağı küçük parçalı ceviz (isteğe bağlı) | Tuz | Pul biber | Karabiber (baharatlar ve tuz isteğe göre ayarlanabilir.) | Sıvı yağ,17,"bulgur, irmik, toz biber, biber salçası, un, tuz, su, sıvı yağ, kıyma, soğan, domates salçası, maydanoz, ceviz, pul biber, karabiber",635,22.9,75.3,28.5,1-2 kişilik,1 saat 20 dakika,80,https://i.nefisyemektarifleri.com/2014/03/icli-kofte-yapimi-emine-ayse-fotografi-4.jpg,scraped,https://www.nefisyemektarifleri.com/icli-kofte-tarifi-emine-ayse/
16,recipe16,arpa-sehriye-salatasi-orijinal-videolu,Arpa Şehriye Salatası (Orijinal) (videolu),"Salata, Meze, Kanepe",1 buçuk su bardağı arpa şehriye | 1 çay bardağı sıvı yağ | 1 tatlı kaşığı tuz | Yarım demet dereotu | Yarım demet taze soğan | Yarım demet maydanoz | Yarım demet taze nane | 2 adet konserve kırmızı biber | 1 adet havuç | 5 adet salatalık turşusu | 1 kase mısır | 1 yemek kaşığı nar ekşisi | Yarım limonun suyu | 1 çay kaşığı tuz,14,"şehriye, sıvı yağ, tuz, dereotu, yeşil soğan, maydanoz, taze nane, biber, havuç, salatalık, mısır, nar, limon, su",371,7.9,44.2,19.8,4-6 kişilik,25 dakika,25,https://i.nefisyemektarifleri.com/2017/01/19/arpa-sehriye-salatasi-orijinal.jpg,scraped,https://www.nefisyemektarifleri.com/arpa-sehriye-salatasi-orijinal/
17,recipe17,dereotlu-pogaca,Dereotlu Poğaça,Hamur İşi Tarifleri,1 çay bardağı sıvı yağ | 1 çay bardağı yoğurt | 1 paket kabartma tozu | 1 çay kaşığı tuz | Yarım demet ince kıyılmış dereotu | 1 adet yumurta | Aldığı kadar un (yaklaşık 2.5-3 su bardağı) | 1 yumurta sarısı,8,"sıvı yağ, yoğurt, kabartma tozu, tuz, dereotu, yumurta, un",233,4.9,26.6,11.7,8-10 kişilik,40 dakika,40,https://i.nefisyemektarifleri.com/2019/11/14/dereotlu-pogaca.jpg,scraped,https://www.nefisyemektarifleri.com/dereotlu-pogaca/
18,recipe18,kakaolu-ucgen-krep,Kakaolu Üçgen Krep,Tatlı Tarifleri,"1,5 su bardağı süt (300 ml) | 1 su bardağı un | 2 yemek kaşığı toz şeker | 1 yemek kaşığı kakao | 1 paket vanilya | 1 çay kaşığı kabartma tozu | 2 adet yumurta | Kahvaltılık çikolata | Fındık ezmesi | Fındık kırığı | Muz | Çilek | Kahvaltılık çikolata | Beyaz çikolata | File badem",15,"süt, un, toz şeker, kakao, vanilin, kabartma tozu, yumurta, çikolata, fındık, muz, çilek, badem",310,9.7,36.3,14.7,4-6 kişilik,30 dakika,30,https://i.nefisyemektarifleri.com/2026/09/09/kakaolu-ucgen-krep-1.jpg,scraped,https://www.nefisyemektarifleri.com/kakaolu-ucgen-krep/
19,recipe19,kolay-pankek-tarifi,Kolay Pankek Tarifi,Kahvaltılık Tarifler,"2 adet yumurta | 2 yemek kaşığı şeker | 1 su bardağı süt | 1,5 su bardağı un | 1 paket kabartma tozu | 1 paket vanilya | sıvı yağ | Kivi, muz, çilek, reçel, bal, çikolata",8,"yumurta, toz şeker, süt, un, kabartma tozu, vanilin, sıvı yağ, çikolata, çilek, muz, bal",192,5.5,27.8,6.5,6-8 kişilik,25 dakika,25,https://i.nefisyemektarifleri.com/2020/06/09/kolay-pankek-tarifi-15.jpg,scraped,https://www.nefisyemektarifleri.com/kolay-pankek-tarifi/
20,recipe20,sutlu-domates-corbasi,Sütlü Domates Çorbası,Çorba Tarifleri,2 yemek kaşığı sıvı yağ | 1 yemek kaşığı tereyağı | 2 tepeleme yemek kaşığı un | 1 yemek kaşığı domates salçası | 5 adet domates | 4 su bardağı su | Yarım su bardağı süt | 1 silme tatlı kaşığı tuz,8,"sıvı yağ, tereyağı, un, domates salçası, domates, su, süt, tuz",197,3.7,14.7,14.7,2-4 kişilik,40 dakika,40,https://i.nefisyemektarifleri.com/2022/07/29/sutlu-domates-corbasi-3.jpg,scraped,https://www.nefisyemektarifleri.com/sutlu-domates-corbasi/
21,recipe21,kuzu-incik-odullu-tarifim,Kuzu İncik ( Ödüllü Tarifim ),Et Yemekleri,1 tane soğanın suyu | 2 yemek kaşığı yoğurt | 1 yemek kaşığı zeytinyağı | 2 parça kuzu incik | 1 adet defne yaprağı | 1 tatlı kaşığı tane karabiber | 1 çay kaşığı tuz | Yarım çay bardağı su (marineden artan su eklenecek) | 1 tatlı kaşığı eritilmiş tereyağı | 1 tatlı kaşığı nar ekşisi | 1 çay kaşığı kekik | 1 çay kaşığı toz kırmızı biber,12,"soğan, su, yoğurt, zeytinyağı, kuzu eti, defne yaprağı, karabiber, tuz, tereyağı, nar, kekik, toz biber",412,34.1,4.3,28.1,2-4 kişilik,1 saat 15 dakika,75,https://i.nefisyemektarifleri.com/2026/10/01/kuzu-incik-odullu-tarifim.jpg,scraped,https://www.nefisyemektarifleri.com/kuzu-incik-odullu-tarifim/
22,recipe22,kofteli-patlican-bohcasi-tarifi-kurdan-kebabi,Köfteli Patlıcan Bohçası Tarifi (Kürdan Kebabı),Sebze Yemekleri,4 adet patlıcan | Yeşil biber | Çeri domates | 400g kıyma | 1 adet soğan | 2 diş sarımsak | 1 adet yumurta | 3 yemek kaşığı ekmek içi | 1 tutam maydanoz | 1 çay kaşığı tuz | Yarım çay kaşığı karabiber | Yarım çay kaşığı pul biber | 1 çay kaşığı kimyon | 1 yemek kaşığı domates salçası | 1 çay kaşığı tuz | 2 su bardağı sıcak su,16,"patlıcan, biber, domates, kıyma, soğan, sarımsak, yumurta, ekmek, maydanoz, tuz, karabiber, pul biber, kimyon, domates salçası, su",162,9.9,9.7,9.8,8-10 kişilik,1 saat 5 dakika,65,https://i.nefisyemektarifleri.com/2021/08/13/kofteli-patlican-bohcasi-tarifi-kurdan-kebabi-24.jpg,scraped,https://www.nefisyemektarifleri.com/kofteli-patlican-bohcasi-tarifi/
23,recipe23,tavuklu-makarna-salatasi,Tavuklu Makarna Salatası,Makarna Tarifleri,"1 paket boncuk makarna | Yarım kg kemiksiz tavuk göğüsü | 1,5 su bardağı mısır | 1,5 su bardağı garnitür | 10-15 adet kornişon turşu | 6-7 yemek kaşığı mayonez | 6-7 yemek kaşığı yoğurt | Tuz | Su | Sıvı yağ | Pul biber veya dereotu konulabilir.",11,"makarna, tavuk, mısır, bezelye, salatalık, mayonez, yoğurt, tuz, su, sıvı yağ, pul biber",267,9.3,39.6,8.5,12-14 kişilik,1 saat,60,https://i.nefisyemektarifleri.com/2013/01/tavuklu-makarna-salatasi.jpg,scraped,https://www.nefisyemektarifleri.com/tavuklu-makarna-salatasi/
24,recipe24,sebzeli-bulgur-pilavi-yapilisi,Sebzeli Bulgur Pilavı Yapılışı,Pilav Tarifleri,"4 yemek kaşığı sıvı yağ | 1 adet soğan | 1 adet yeşil biber | 1 adet kırmızı biber | 1 adet patlıcan | 2 adet domates | 1 yemek kaşığı salça | 2 su bardağı bulgur | 1,5 tatlı kaşığı tuz | 4 su bardağı sıcak su",10,"sıvı yağ, soğan, biber, patlıcan, domates, domates salçası, bulgur, tuz, su",367,9.7,60.1,12.2,4-6 kişilik,40 dakika,40,https://i.nefisyemektarifleri.com/2021/03/02/sebzeli-bulgur-pilavi-yapilisi-7.jpg,scraped,https://www.nefisyemektarifleri.com/sebzeli-bulgur-pilavi-yapilisi/
25,recipe25,etli-kuru-fasulye,Etli Kuru Fasulye,Bakliyat Yemekleri,"1,5 su bardağı kuru fasulye | 1 adet kuru soğan | 1 yemek kaşığı domates salçası | 1 yemek kaşığı biber salçası | 300 g kuşbaşı dana eti | 4-5 yemek kaşığı sıvı yağ | 1 tatlı kaşığı tuz | 1 tatlı kaşığı pul biber | 1 litre sıcak su",9,"kuru fasulye, soğan, domates salçası, biber salçası, dana eti, sıvı yağ, tuz, pul biber, su",404,27.1,32.1,18.9,4-6 kişilik,50 dakika,50,https://i.nefisyemektarifleri.com/2013/03/etli-kuru-fasulye.jpg,scraped,https://www.nefisyemektarifleri.com/etli-kuru-fasulye/
26,recipe26,kisir-tarifi-videolu,Kısır Tarifi (videolu),"Salata, Meze, Kanepe",1 büyük su bardağı ince bulgur | Yarım su sıcak su (bulguru ıslatmak için) | 3 yaprak marul | 1 demet maydanoz | 3 adet taze soğan | 1 yemek kaşığı zeytinyağı (soğanı kavurmak için) | 1 küçük salatalık | 5 tane çeri domates | 1 tane orta boy sivri biber | Yarım çay bardağı zeytinyağı (az gelirse ekleme yapın) | 1 yemek kaşığı nar ekşisi | Karabiber | Pul biber | Kimyon | Tuz | 1 yemek kaşığı biber salçası | 1 tatlı kaşığı domates salçası | 1 diş sarımsak | 1 küçük soğan,19,"bulgur, su, marul, maydanoz, yeşil soğan, zeytinyağı, salatalık, domates, biber, nar, karabiber, pul biber, kimyon, tuz, biber salçası, domates salçası, sarımsak, soğan",268,6.3,36.2,12.7,4-6 kişilik,20 dakika,20,https://i.nefisyemektarifleri.com/2014/02/kisirin-yapimi-ayse-bakirci-fotografi-5.jpg,scraped,https://www.nefisyemektarifleri.com/kisir-tarifi-ayse-bakirci/
27,recipe27,pismeyen-dubai-cheesecake-videolu,Pişmeyen Dubai Cheesecake (Videolu),Tatlı Tarifleri,300 gr kavrulmuş kadayıf | 2 yemek kaşığı tereyağı | 2 yemek kaşığı fıstık ezmesi | 2 yemek kaşığı tahin | 2 paket krem şanti | 3 yemek kaşığı pudra şekeri | 2 yemek kaşığı dolusu fıstık ezmesi | 1 buçuk paket labne peynir | 200 gr sıvı krema | 180 gr bitter veya sütlü çikolata,10,"kadayıf, tereyağı, fıstık, tahin, krema, toz şeker, krem peynir, çikolata",365,4.9,26.1,27.1,16 kişilik,35 dakika,35,https://i.nefisyemektarifleri.com/2026/10/01/pismeyen-dubai-cheesecake-videolu.jpg,scraped,https://www.nefisyemektarifleri.com/pismeyen-dubai-cheesecake-videolu/
28,recipe28,pisi-tarifi-videolu,Pişi Tarifi (videolu),Kahvaltılık Tarifler,"4,5 su bardağı un | 2 silme tatlı kaşığı tuz | 1 paket instant maya | 2 tatlı kaşığı şeker | 1 su bardağı ılık süt | 1,5 su bardağı ılık su | Sıvı yağ",7,"un, tuz, maya, toz şeker, süt, su, sıvı yağ",437,12.0,80.4,6.5,4-6 kişilik,1 saat 15 dakika,75,https://i.nefisyemektarifleri.com/2020/05/08/pisi-tarifi-6.jpg,scraped,https://www.nefisyemektarifleri.com/pisi-tarifi/
29,recipe29,eksili-kofte-corbasi,Ekşili Köfte Çorbası,Çorba Tarifleri,400 gram kıyma | 1 soğan rendesi | Tuz | Karabiber | 1 adet yumurta | 3 çorba kaşığı pirinç | 2 adet patates | 2 adet havuç | 2 çorba kaşığı sıvı yağ | 3 çorba kaşığı yoğurt | 1 tane limon | 1 yumurta sarısı | 2 çorba kaşığı tereyağı | 1 çorba kaşığı nane,14,"kıyma, soğan, tuz, karabiber, yumurta, pirinç, patates, havuç, sıvı yağ, yoğurt, limon, tereyağı, nane",316,15.6,17.6,20.6,6-8 kişilik,45 dakika,45,https://i.nefisyemektarifleri.com/2026/09/29/eksili-kofte-corbasi.jpg,scraped,https://www.nefisyemektarifleri.com/eksili-kofte-corbasi-12620201/
30,recipe30,arap-tava-en-pratik-firin-yemegi,Arap Tava (En Pratik Fırın Yemeği),Et Yemekleri,500 gram orta yağlı kıyma | 2 adet patates | 1 adet kuru soğan | 2 adet yeşil biber | 2 adet kapya | 2 adet domates | 5- 6 diş sarımsak | 1 yemek kaşığı domates salçası | 1 tatlı kaşığı biber salçası | Yarım çay bardağı sıvı yağ | 1 su bardağı su | 1 tatlı kaşığı tuz | 1 çay kaşığı karabiber | 1 çay kaşığı pul biber | 1 çay kaşığı isot | Tereyağ,16,"kıyma, patates, soğan, biber, domates, sarımsak, domates salçası, biber salçası, sıvı yağ, su, tuz, karabiber, pul biber, tereyağı",443,20.0,20.0,32.0,4-6 kişilik,1 saat 10 dakika,70,https://i.nefisyemektarifleri.com/2026/09/30/arap-tava-en-pratik-firin-yemegi.jpg,scraped,https://www.nefisyemektarifleri.com/arap-tava-en-pratik-firin-yemegi/
31,recipe31,firinda-misir-unlu-kabak,Fırında Mısır Unlu Kabak,Sebze Yemekleri,2-3 adet kabak | Yarım çay bardağı zeytinyağı | 3 yemek kaşığı mısır unu | 1 çay kaşığı toz biber | Yarım çay kaşığı karabiber | 1 tatlı kaşığı kekik | Yarım çay kaşığı tuz | 3 yemek kaşığı süzme yoğurt | 3 yemek kaşığı mayonez | 2 diş sarımsak | 1 tatlı kaşığı kekik | Çay kaşığını ucunda tuz,12,"kabak, zeytinyağı, mısır unu, toz biber, karabiber, kekik, tuz, yoğurt, mayonez, sarımsak",307,3.5,14.0,27.2,2-4 kişilik,35 dakika,35,https://i.nefisyemektarifleri.com/2026/09/06/firinda-misir-unlu-kabak.jpg,scraped,https://www.nefisyemektarifleri.com/firinda-misir-unlu-kabak-12598273/
32,recipe32,kabak-spagetti-videolu,Kabak Spagetti (videolu),Makarna Tarifleri,4 adet orta boy kabak | 4 yemek kaşığı zeytinyağı | Tuz | 1 adet büyük boy domates | 1 yemek kaşığı domates salçası | 3 yemek kaşığı sıcak su | Tuz | 2 diş sarımsak | 2 yemek kaşığı zeytinyağı | Karabiber | Pul biber | Kaşar peyniri (isteğe bağlı),12,"kabak, zeytinyağı, tuz, domates, domates salçası, su, sarımsak, karabiber, pul biber, kaşar peyniri",729,16.6,25.9,65.5,1-2 kişilik,30 dakika,30,https://i.nefisyemektarifleri.com/2018/10/11/kabak-spagetti-10.jpg,scraped,https://www.nefisyemektarifleri.com/kabak-spagetti/
33,recipe33,ozbek-pilavi-muhtesem-lezzet,Özbek Pilavı (Muhteşem Lezzet),Pilav Tarifleri,"500 gr kuşbaşı et | 3 adet büyük boy havuç | 2 adet orta boy soğan | 1 çay bardağı zeytinyağı | 1 yemek kaşığı dolusu tereyağı | 3 su bardağı baldo pirinç | 1 fincan badem | 4, 5-5 su bardağı sıcak su | 1 çay kaşığı karabiber | 1, 5 tatlı kaşığı tuz | 1-2 baş sarımsak (en son)",11,"dana eti, havuç, soğan, zeytinyağı, tereyağı, pirinç, badem, su, karabiber, tuz, sarımsak",859,36.3,97.5,35.2,4-6 kişilik,50 dakika,50,https://i.nefisyemektarifleri.com/2020/01/10/ozbek-pilavi-muhtesem-lezzet.jpg,scraped,https://www.nefisyemektarifleri.com/ozbek-pilavi-muhtesem-lezzet-6715904/
34,recipe34,etli-nohut-tarifi-videolu,Etli Nohut Tarifi (videolu),Bakliyat Yemekleri,"Yarım kilo kuşbaşı doğranmış et | 1,5 su bardağı haşlanmış nohut | 1 adet kuru soğan | 3 yemek kaşığı sıvı yağ | 2 yemek kaşığı salça | Tuz | Pul biber",7,"dana eti, nohut, soğan, sıvı yağ, domates salçası, tuz, pul biber",292,13.5,32.6,12.7,4-6 kişilik,50 dakika,50,https://i.nefisyemektarifleri.com/2018/04/06/etli-nohut-tarifi.jpg,scraped,https://www.nefisyemektarifleri.com/etli-nohut-tarifi/
35,recipe35,tavuklu-arpa-sehriye-salatasi-videolu,Tavuklu Arpa Şehriye Salatası (videolu),"Salata, Meze, Kanepe","1,5 su bardağı arpa şehriye | Yarım çay bardağı zeytinyağı | 1 tatlı kaşığı tuz | 2 su bardağı sıcak su | 3 adet közlenmiş kırmızı biber | Yarım demet dereotu | 6 adet kornişon turşu | 1 küçük kutu konserve mısır | yarım tavuk göğsü | 1 adet limon suyu",10,"şehriye, zeytinyağı, tuz, su, biber, dereotu, salatalık, mısır, tavuk, limon",350,13.4,52.3,12.0,4-6 kişilik,20 dakika,20,https://i.nefisyemektarifleri.com/2022/05/23/tavuklu-arpa-sehriye-salatasi-3.jpg,scraped,https://www.nefisyemektarifleri.com/tavuklu-arpa-sehriye-salatasi-4103998/
36,recipe36,firindan-ciktigi-an-biten-peynirli-corek-videolu,Fırından Çıktığı An Biten Peynirli Çörek (Videolu),Hamur İşi Tarifleri,125 gram tereyağı | Yarım çay bardağı sıvı yağ | 1 çay bardağı yoğurt | 1 tatlı kaşığı şeker | 1 çay kaşığı tuz | 1 tatlı kaşığı çörek otu | 2 adet yumurta (1’inin sarısı üzerine) | 1 paket kabartma tozu | Yarım su bardağı beyaz peynir | 1 tutam maydanoz | 3 su bardağı un (kontrollü ekleyin),11,"tereyağı, sıvı yağ, yoğurt, toz şeker, tuz, susam, yumurta, kabartma tozu, beyaz peynir, maydanoz, un",582,12.2,53.4,35.4,4-6 kişilik,40 dakika,40,https://i.nefisyemektarifleri.com/2026/09/10/firindan-ciktigi-an-biten-peynirli-corek.jpg,scraped,https://www.nefisyemektarifleri.com/firindan-ciktigi-an-biten-peynirli-corek-videolu/
37,recipe37,tam-olcu-ibiza,Tam Ölçü İbiza,Tatlı Tarifleri,"2 paket burçak bisküvi | 1 dolu yemek kaşığı tereyağ | 1 litre süt | 1 su bardağı şeker | 1,5 su bardağı un | 2 yemek kaşığı kakao | 1 paket vanilya | 1 yemek kaşığı tereyağ | 80 gram bitter çikolata | 1 paket krem şanti | 1 çay bardağı süt | 3-4 adet muz",12,"bisküvi, tereyağı, süt, toz şeker, un, kakao, vanilin, çikolata, krema, muz",718,12.8,102.6,30.0,6-8 kişilik,45 dakika,45,https://i.nefisyemektarifleri.com/2026/09/25/tam-olcu-ibiza.jpg,scraped,https://www.nefisyemektarifleri.com/tam-olcu-ibiza/
38,recipe38,2-kisilik-pankek,2 Kişilik Pankek,Kahvaltılık Tarifler,1 adet yumurta | 1 yemek kaşığı şeker | Yarım su bardağı süt | 1 su bardağından 1 parmak az un | 1 paket vanilya | Yarım paket kabartma tozu,6,"yumurta, toz şeker, süt, un, vanilin, kabartma tozu",396,14.2,68.7,6.5,1-2 kişilik,15 dakika,15,https://i.nefisyemektarifleri.com/2022/05/31/2-kisilik-pankek-5.jpg,scraped,https://www.nefisyemektarifleri.com/2-kisilik-pankek/
39,recipe39,terbiyeli-kofteli-corba,Terbiyeli Köfteli Çorba,Çorba Tarifleri,"250 gram kıyma | 1 adet soğan (rendelenmiş, suyu sıkılmış) | 1/2 (yarım) çay kaşığı karabiber | 1/2 (yarım) çay kaşığı kırmızı toz biber | 1/2 (yarım) çay kaşığı tuz | 3-4 yemek kaşığı zeytinyağı | 1 adet havuç (rendelenmiş) | 1 çay bardağı kuskus | 6 su bardağı tavuk suyu (veya sıcak su) | 1 tatlı kaşığı tuz | 1 çay kaşığı karabiber | 5 yemek kaşığı yoğurt | 1 adet yumurta sarısı | 1 yemek kaşığı un | 1/2 (yarım) adet limonun suyu (isteğe bağlı) | 1 yemek kaşığı tereyağı | 4-5 dal maydanoz (isteğe göre nanede olur)",17,"kıyma, soğan, karabiber, toz biber, tuz, zeytinyağı, havuç, makarna, et suyu, yoğurt, yumurta, un, limon, su, tereyağı, maydanoz",244,11.7,10.6,17.3,6-8 kişilik,55 dakika,55,https://i.nefisyemektarifleri.com/2026/10/02/terbiyeli-kofteli-corba.jpg,scraped,https://www.nefisyemektarifleri.com/terbiyeli-kofteli-corba-12612310/
40,recipe40,yumusacik-anne-koftesi-videolu,Yumuşacık Anne Köftesi (Videolu),Et Yemekleri,"500 gram kıyma | 1 çay bardağı galeta unu | 1 adet yumurta | 1 adet soğan | 2 diş sarımsak | Yarım çay kaşığı karbonat | Yarım çay kaşığı karabiber | 1,5 çay kaşığı kırmızı toz biber | 1 tatlı kaşığı tuz | Tercihe bağlı maydanoz",10,"kıyma, galeta unu, yumurta, soğan, sarımsak, karbonat, karabiber, toz biber, tuz, maydanoz",318,20.1,10.1,21.6,4-6 kişilik,35 dakika,35,https://i.nefisyemektarifleri.com/2026/09/27/yumusacik-anne-koftesi-videolu.jpg,scraped,https://www.nefisyemektarifleri.com/yumusacik-anne-koftesi-videolu/
41,recipe41,kofteli-patlican-sarma-videolu,Köfteli Patlıcan Sarma (Videolu),Sebze Yemekleri,4 adet patlıcan | Yarım çay bardağı sıvı yağ | 1 tatlı kaşığı kırmızı toz biber | 250 gram kıyma | 1 dilim ekmek | 1 adet kuru soğan | 1’er çay kaşığı tuz | Karabiber | Pul biber | Kimyon | 1 tatlı kaşığı domates salçası | 1 tatlı kaşığı biber salçası | 1 çay kaşığı tuz | 1 su bardağı su,14,"patlıcan, sıvı yağ, toz biber, kıyma, ekmek, soğan, tuz, karabiber, pul biber, kimyon, domates salçası, biber salçası, su",281,11.3,17.1,19.8,4-6 kişilik,55 dakika,55,https://i.nefisyemektarifleri.com/2026/10/01/kofteli-patlican-sarma.jpg,scraped,https://www.nefisyemektarifleri.com/kofteli-patlican-sarma-videolu-12621854/
42,recipe42,kendini-kremali-sanan-mantarli-biberli-makarna,Kendini Kremalı Sanan Mantarlı Biberli Makarna,Makarna Tarifleri,"500 gr makarna (istediğiniz bir çeşit) | 10 adet mantar | 2 adet yeşil sivri biber | 1 adet kapya | 1 adet kuru soğan | 1 adet havuç | 2 diş sarımsak | 1 yemek kaşığı domates salçası | 4 yemek kaşığı zeytinyağ | 1 yemek kaşığı tereyağ̆ | Tuz, karabiber, kekik hepsinden birer çay kaşığı koydum | 2 su bardağı süt | 1 yemek kaşığı nişasta",13,"makarna, mantar, biber, soğan, havuç, sarımsak, domates salçası, zeytin, tereyağı, karabiber, kekik, tuz, süt, nişasta",491,17.7,88.3,7.6,4-6 kişilik,45 dakika,45,https://i.nefisyemektarifleri.com/2020/05/20/kendini-kremali-sanan-mantarli-biberli-makarna.jpg,scraped,https://www.nefisyemektarifleri.com/kendini-kremali-sanan-mantarli-biberli-makarna/
43,recipe43,salcali-bulgur-pilavi-videolu,Salçalı Bulgur Pilavı (videolu),Pilav Tarifleri,"1, 5 su bardağı bulgur | 3,5 su bardağı sıcak su | Yarım yemek kaşığı biber salçası | 1 yemek kaşığı domates salçası | 1 tavuk bulyon (isteğe bağlı koymayabilirsiniz) | 2 yemek kasığı tereyağı | 3 yemek kaşığı sıvı yağ | Tuz",8,"bulgur, su, biber salçası, domates salçası, hazır çorba, tereyağı, sıvı yağ, tuz",379,7.5,45.9,20.2,2-4 kişilik,30 dakika,30,https://i.nefisyemektarifleri.com/2018/01/10/salcali-bulgur-pilavi.jpg,scraped,https://www.nefisyemektarifleri.com/salcali-bulgur-pilavi-4138978/
44,recipe44,etsiz-kuru-fasulye-tarifi,Etsiz Kuru Fasulye Tarifi,Bakliyat Yemekleri,"2 su bardağı kuru fasulye | 1 adet kuru soğan | 1 adet kırmızı süs biberi | 1 yemek kaşığı domates salçası | 1 yemek kaşığı biber salçası | 4 yemek kaşığı sıvı yağ | 1 çay kaşığı karabiber | 1 çay kaşığı kırmızı toz biber | 1 çay kaşığı kimyon | 1 tatlı kaşığı tuz | 3,5 su bardağı sıcak su",11,"kuru fasulye, soğan, biber, domates salçası, biber salçası, sıvı yağ, karabiber, toz biber, kimyon, tuz, su",234,10.9,30.1,8.3,6-8 kişilik,1 saat,60,https://i.nefisyemektarifleri.com/2013/10/etsiz-kuru-fasulye-tarifi-fotografi.jpg,scraped,https://www.nefisyemektarifleri.com/etsiz-kuru-fasulye-tarifi/
45,recipe45,yogurtlu-patates-toplari,Yoğurtlu Patates Topları,"Salata, Meze, Kanepe","2 adet patates | 1 tutam maydanoz | Yarım çay kaşığı karabiber | 1,5 çay kaşığı tuz | Yarım çay kaşığı pul biber | Sarımsaklı yoğurt | Tereyağında kızdırılmış pul biber",7,"patates, maydanoz, karabiber, tuz, pul biber, sarımsak, yoğurt, tereyağı",88,2.2,12.8,3.2,4-6 kişilik,25 dakika,25,https://i.nefisyemektarifleri.com/2021/04/26/yogurtlu-patates-toplari-5.jpg,scraped,https://www.nefisyemektarifleri.com/yogurtlu-patates-toplari/
46,recipe46,1-milfoy-3-mini-pide-videolu,1 Milföy 3 Mini Pide (Videolu),Hamur İşi Tarifleri,3 adet milföy hamuru | Sosis | Kaşar peyniri rendesi | 1 yumurta sarısı,4,"milföy, sosis, kaşar peyniri, yumurta",283,6.0,19.2,20.1,4-6 kişilik,30 dakika,30,https://i.nefisyemektarifleri.com/2026/09/17/1-milfoy-3-mini-pide-videolu.jpg,scraped,https://www.nefisyemektarifleri.com/1-milfoy-3-mini-pide-videolu/
47,recipe47,pamuk-gibi-cikolatali-cupcake,Pamuk Gibi Çikolatalı Cupcake,Tatlı Tarifleri,"3 yumurta ( küçükse 4) | 1,5 su bardağı şeker | 1 su bardağı ılık süt | 1 su bardağı ndan 2 parmak eksik sıvı yağ | 2 yemek kaşığı dolusu kakao | 2,5 su bardağı elenmiş un | 1 paket vanilin | 1 paket kabartma tozu | Damla çikolata (üzeri için)",9,"yumurta, toz şeker, süt, sıvı yağ, kakao, un, vanilin, kabartma tozu, çikolata",589,8.4,71.1,31.0,6-8 kişilik,40 dakika,40,https://i.nefisyemektarifleri.com/2026/10/02/pamuk-gibi-cikolatali-cupcake.jpg,scraped,https://www.nefisyemektarifleri.com/pamuk-gibi-cikolatali-cupcake/
48,recipe48,kahvaltilik-peynirli-pankek-videolu,Kahvaltılık Peynirli Pankek (videolu),Kahvaltılık Tarifler,"1 adet yumurta | 1 su bardağı süt (200 ml) | 1 paket kabartma tozu | 150 gr beyaz peynir | Çeyrek demet maydanoz | 1 çay kaşığı tuz | 1 çay kaşığı pul biber | 1,5 su bardağı un | sıvı yağ",9,"yumurta, süt, kabartma tozu, beyaz peynir, maydanoz, tuz, pul biber, un, sıvı yağ",278,11.2,28.3,13.1,4-6 kişilik,50 dakika,50,https://i.nefisyemektarifleri.com/2025/03/06/kahvaltilik-peynirli-pankek-videolu.jpg,scraped,https://www.nefisyemektarifleri.com/kahvaltilik-peynirli-pankek/
49,recipe49,anadolu-corbasi,Anadolu Çorbası,Çorba Tarifleri,1 yemek kaşığı pirinç | 1 yemek kaşığı yeşil mercimek | 1 yemek kaşığı bulgur | 1 yemek kaşığı kırmızı mercimek | 1 su bardağı yoğurt | 1 yumurta sarısı | 2 yemek kaşığı un | 1 adet rendelenmiş kuru soğan | 1 buçuk tatlı kaşığı nane | 1 çay kaşığı pulbiber | 1 silme tatlı kaşığı tuz | 1 çay kaşığının ucu ile karabiber,12,"pirinç, mercimek, bulgur, yoğurt, yumurta, un, soğan, nane, pul biber, tuz, karabiber",88,4.2,13.6,1.9,4-6 kişilik,45 dakika,45,https://i.nefisyemektarifleri.com/2026/09/23/anadolu-corbasi.jpg,scraped,https://www.nefisyemektarifleri.com/anadolu-corbasi-12615366/
50,recipe50,pratik-firinda-besamel-soslu-kiymali-patates,Pratik Fırında Beşamel Soslu Kıymalı Patates,Et Yemekleri,"6 adet patates ( ince dilimlenmiş) | 200 gram kıyma | 1 adet soğan | 1 adet kapya biber | 2 adet köy biberi | 1 tatlı kaşığı domates salçası | 1 adet domates rendesi | 1 yemek kaşığı tereyağı | Tuz | Karabiber | Kimyon | Kırmızı toz biber | Acı seviyorsanız çok az acı toz biber ekleyebilirsiniz | Beşamel sos için; 2 su bardağı süt | 1,5 yemek kaşığı un | Tuz | Kaşar peyniri rendesi",17,"patates, kıyma, soğan, biber, domates salçası, domates, tereyağı, tuz, karabiber, kimyon, toz biber, süt, un, kaşar peyniri",392,17.1,45.4,16.1,4-6 kişilik,1 saat,60,https://i.nefisyemektarifleri.com/2026/09/20/pratik-firinda-besamel-soslu-kiymali-patates-1.jpg,scraped,https://www.nefisyemektarifleri.com/pratik-firinda-besamel-soslu-kiymali-patates/
51,recipe51,sebzeli-tavuk-sote-videolu,Sebzeli Tavuk Sote (Videolu),Sebze Yemekleri,400-500 gram tavuk göğsü | 1 küçük demet brokoli | 2 adet havuç | 2 diş sarımsak(isteğe bağlı) | 1 yemek kaşığı soya sosu | Yarım çay bardağı sıvı yağ | Tuz | Karabiber,8,"tavuk, brokoli, havuç, sarımsak, soya sosu, sıvı yağ, tuz, karabiber",460,48.2,7.2,25.5,2-4 kişilik,35 dakika,35,https://i.nefisyemektarifleri.com/2026/10/03/sebzeli-tavuk-sote.jpg,scraped,https://www.nefisyemektarifleri.com/sebzeli-tavuk-sote-videolu-12624199/
52,recipe52,kremali-mantarli-tavuklu-makarna,Kremalı Mantarlı Tavuklu Makarna,Makarna Tarifleri,"1 kase mantar (konserve veya taze) | 500 gr tavuk göğüs eti | 1 adet kuru soğan | 2-3 yemek kaşığı zeytinyağı | 200 gr makarna (ben fettucine kullandım, farklı çeşit de olur) | 200 ml sıvı krema | 1 yemek kaşığı toz parmesan peyniri (tercihe bağlı) | Yarım çay kaşığı karabiber | 1 tatlı kaşığı kekik | 1 çay kaşığı tuz | Sıcak su | 1 çay kaşığı tuz",12,"mantar, tavuk, soğan, zeytinyağı, makarna, krema, kaşar peyniri, karabiber, kekik, tuz, su",896,58.7,56.6,47.1,2-4 kişilik,30 dakika,30,https://i.nefisyemektarifleri.com/2023/05/03/kremali-mantarli-tavuklu-makarna-6.jpg,scraped,https://www.nefisyemektarifleri.com/kremali-mantarli-tavuklu-makarna-5749286/
53,recipe53,kremali-mantarli-arpa-sehriye-pilavi,"Kremalı, Mantarlı Arpa Şehriye Pilavı",Pilav Tarifleri,500 gram mantar | 1 adet soğan | 2 diş sarımsak | 2 su bardağı arpa şehriye | 1 paket krema | 3 su bardağı su | Karabiber | Tuz | Tozbiber | Sıvıyağ | 1 çorba kaşığı tereyağı,11,"mantar, soğan, sarımsak, şehriye, krema, su, karabiber, tuz, toz biber, sıvı yağ, tereyağı",398,10.5,43.2,21.1,4-6 kişilik,35 dakika,35,https://i.nefisyemektarifleri.com/2026/09/13/kremalimantarli-arpa-sehriye-pilavi.jpg,scraped,https://www.nefisyemektarifleri.com/kremali-mantarli-arpa-sehriye-pilavi/
54,recipe54,tam-kivaminda-sik-sunumuyla-mercimek-koftesi-videolu,Tam Kıvamında! Şık Sunumuyla Mercimek Köftesi (videolu),Bakliyat Yemekleri,"1 su bardağı kırmızı mercimek | 3 su bardağı su (gerekirse yoğurma aşamasında biraz daha eklenebilir) | 4-5 adet taze soğan | Çeyrek demet maydanoz | 1,5 su bardağı köftelik bulgur | 5 yemek kaşığı sıvı yağ | 1 adet kuru soğan | 1,5 yemek kaşığı domates salçası | 1,5 yemek kaşığı biber salçası | 1,5 tatlı kaşığı tuz | 1 çay kaşığı kimyon | 1 çay kaşığı pul biber | 1 çay kaşığı karabiber",13,"mercimek, su, yeşil soğan, maydanoz, bulgur, sıvı yağ, soğan, domates salçası, biber salçası, tuz, kimyon, pul biber, karabiber",146,5.1,21.4,5.0,14-16 kişilik,45 dakika,45,https://i.nefisyemektarifleri.com/2019/02/02/tam-kivaminda-sik-sunumuyla-mercimek-koftesi-7.jpg,scraped,https://www.nefisyemektarifleri.com/tam-kivaminda-sik-sunumuyla-mercimek-koftesi/
55,recipe55,yogurtlu-tavuk-salatasi-tarifi,Yoğurtlu Tavuk Salatası Tarifi,"Salata, Meze, Kanepe",500 gram tavuk göğsü | 1 tatlı kaşığı tuz (tavuğu haşlamak için) | 2 adet salatalık | 6 adet kornişon turşu | 1 tutam dereotu | 1 su bardağı yoğurt | 3 yemek kaşığı mayonez | 2 diş sarımsak | 1 çay kaşığı tuz | 1 çay bardağı çekilmiş ceviz | Zeytinyağı | Ceviz | Kırmızı toz biber,13,"tavuk, tuz, salatalık, dereotu, yoğurt, mayonez, sarımsak, ceviz, zeytinyağı, toz biber",410,33.3,13.1,25.5,4-6 kişilik,30 dakika,30,https://i.nefisyemektarifleri.com/2022/01/25/yogurtlu-tavuk-salatasi-tarifi-2.jpg,scraped,https://www.nefisyemektarifleri.com/yogurtlu-tavuk-salatasi-tarifi/
56,recipe56,kolay-katmer-pogaca-kruvasan-tadinda,Kolay Katmer Poğaça (Kruvasan Tadında),Hamur İşi Tarifleri,"1,5 su bardağı ılık süt | Yarım su bardağı ılık su | Yarım paket yaş maya | 1 yemek kaşığı toz şeker | 1 su bardağı sıvı yağ | 2 adet yumurta (birinin sarısı üzerine) | 1 tatlı kaşığı tuz | Aldığı kadar un | 2 yemek kaşığı nişasta | 2 yemek kaşığı un | 200 gram orta eritilmiş tereyağı",11,"süt, su, maya, toz şeker, sıvı yağ, yumurta, tuz, un, nişasta, tereyağı",232,2.0,5.1,23.0,16 kişilik,1 saat 10 dakika,70,https://i.nefisyemektarifleri.com/2026/09/07/kolay-katmer-pogaca-kruvasan-tadinda.jpg,scraped,https://www.nefisyemektarifleri.com/kolay-katmer-pogaca-kruvasan-tadinda/
57,recipe57,seftalili-karamelli-kek-videolu,Şeftalili Karamelli Kek (Videolu),Tatlı Tarifleri,"2 adet şeftali veya nektari | 1 çay bardağı şeker | 1 tatlı kaşığı tereyağı | 3 adet yumurta | 1 çay bardağı şeker | 1 çay bardağı sıvı yağ | 1 çay bardağı yoğurt | 1 paket vanilya | 1 paket kabartma tozu | 1,5 su bardağı un",10,"şeftali, toz şeker, tereyağı, yumurta, sıvı yağ, yoğurt, vanilin, kabartma tozu, un",283,4.9,37.0,13.2,8-10 kişilik,45 dakika,45,https://i.nefisyemektarifleri.com/2026/09/15/seftalili-karamelli-kek-videolu.jpg,scraped,https://www.nefisyemektarifleri.com/seftalili-karamelli-kek-videolu-12609025/
58,recipe58,kuymak-mihlama-yapilisi,Kuymak ( Mıhlama) Yapılışı,Kahvaltılık Tarifler,"2 yemek kaşığı tereyağı | 2,5 yemek kaşığı mısır unu | 1 su bardağı su | 1 su bardağı küp küp doğranmış Karadeniz kaşarı",4,"tereyağı, mısır unu, su, kaşar peyniri",200,8.1,6.4,16.1,2-4 kişilik,10 dakika,10,https://i.nefisyemektarifleri.com/2014/03/kuymak-mihlama-yapilisi-fotografi-1.jpg,scraped,https://www.nefisyemektarifleri.com/kuymak-mihlama-yapilisi/
59,recipe59,sebzeli-sehriye-corbasi-videolu,Sebzeli Şehriye Çorbası (Videolu),Çorba Tarifleri,1 yemek kaşığı tereyağı | 2-3 yemek kaşığı sıvı yağ | 1 adet soğan | 1 adet patates | 1 adet havuç | 1 adet kapya biber | 1 adet yeşil biber | 1 adet domates | 2 diş sarımsak | 1 yemek kaşığı domates salçası | 1 çay bardağı tel şehriye | Su | Tuz | Maydanoz | Limon,15,"tereyağı, sıvı yağ, soğan, patates, havuç, biber, domates, sarımsak, domates salçası, şehriye, su, tuz, maydanoz, limon",182,3.4,21.8,9.6,4-6 kişilik,35 dakika,35,https://i.nefisyemektarifleri.com/2026/10/04/sebzeli-sehriye-corbasi-videolu-3.jpg,scraped,https://www.nefisyemektarifleri.com/sebzeli-sehriye-corbasi-videolu/
60,recipe60,firinda-begendili-kofte,Fırında Beğendili Köfte,Et Yemekleri,300-400 gram kadar kıyma | 1 küçük soğan (rendelenmiş suyu sıkılmış) | 2 diş sarımsak | 3 yemek kaşığı galeta unu | 1 yumurta | 2 yemek kaşığı sıvı yağ | 3 yemek kaşığı su | 1 tatlı kaşığı tuz | 1 tatlı kaşığı kırmızı toz biber | 1 çay kaşığı karabiber | Bir tutam kıyılmış maydanoz | 1 yemek kaşığı tereyağ | 1 yemek kaşığı un | 1.5 su bardağı süt | 1 çay kaşığı tuz | 1/2 (yarım) çay kaşığı karabiber | 1 şişe konserve közlenmiş patlıcan | 1 kase rendelenmiş kaşar | 1 adet domates (üzerine),19,"kıyma, soğan, sarımsak, galeta unu, yumurta, sıvı yağ, su, tuz, toz biber, karabiber, maydanoz, tereyağı, un, süt, patlıcan, kaşar peyniri, domates",451,24.4,14.0,33.4,4-6 kişilik,1 saat 5 dakika,65,https://i.nefisyemektarifleri.com/2026/09/25/firinda-begendili-kofte.jpg,scraped,https://www.nefisyemektarifleri.com/firinda-begendili-kofte/
